UF;Cod_IBGE;Munic¡pio;Pop_Estimada
MG;310010;Abadia dos Dourados;6989
MG;310020;Abaet‚;23237
MG;310030;Abre Campo;13454
MG;310040;Acaiaca;3994
MG;310050;A‡ucena;9470
MG;310060;µgua Boa;13735
MG;310070;µgua Comprida;1999
MG;310080;Aguanil;4486
MG;310090;µguas Formosas;19207
MG;310100;µguas Vermelhas;13539
MG;310110;Aimor‚s;25167
MG;310120;Aiuruoca;6003
MG;310130;Alagoa;2674
MG;310140;Albertina;3007
MG;310150;Al‚m Para¡ba;35362
MG;310160;Alfenas;79996
MG;310163;Alfredo Vasconcelos;6907
MG;310170;Almenara;41896
MG;310180;Alpercata;7424
MG;310190;Alpin¢polis;19853
MG;310200;Alterosa;14466
MG;310205;Alto Capara¢;5847
MG;310210;Alto Rio Doce;11000
MG;310220;Alvarenga;3907
MG;310230;Alvin¢polis;15203
MG;310240;Alvorada de Minas;3606
MG;310250;Amparo do Serra;4713
MG;310260;Andradas;41077
MG;310270;Cachoeira de Paje£;9412
MG;310280;Andrelƒndia;12224
MG;310285;Angelƒndia;8520
MG;310290;Ant“nio Carlos;11445
MG;310300;Ant“nio Dias;9318
MG;310310;Ant“nio Prado de Minas;1598
MG;310320;Ara‡a¡;2347
MG;310330;Aracitaba;2063
MG;310340;Ara‡ua¡;36708
MG;310350;Araguari;117267
MG;310360;Arantina;2795
MG;310370;Araponga;8439
MG;310375;AraporÆ;6869
MG;310380;Arapu ;2834
MG;310390;Ara£jos;9273
MG;310400;Arax ;106229
MG;310410;Arceburgo;10772
MG;310420;Arcos;40092
MG;310430;Areado;15070
MG;310440;Argirita;2727
MG;310445;Aricanduva;5231
MG;310450;Arinos;17875
MG;310460;Astolfo Dutra;14179
MG;310470;Atal‚ia;12868
MG;310480;Augusto de Lima;4869
MG;310490;Baependi;19148
MG;310500;Baldim;7826
MG;310510;Bambu¡;23829
MG;310520;Bandeira;4795
MG;310530;Bandeira do Sul;5746
MG;310540;BarÆo de Cocais;32485
MG;310550;BarÆo de Monte Alto;5397
MG;310560;Barbacena;137313
MG;310570;Barra Longa;5131
MG;310590;Barroso;20810
MG;310600;Bela Vista de Minas;10255
MG;310610;Belmiro Braga;3429
MG;310620;Belo Horizonte;2512070
MG;310630;Belo Oriente;26700
MG;310640;Belo Vale;7715
MG;310650;Berilo;11932
MG;310660;Bert¢polis;4604
MG;310665;Berizal;4735
MG;310670;Betim;439340
MG;310680;Bias Fortes;3379
MG;310690;Bicas;14494
MG;310700;Biquinhas;2515
MG;310710;Boa Esperan‡a;40127
MG;310720;Bocaina de Minas;5090
MG;310730;Bocai£va;49979
MG;310740;Bom Despacho;50605
MG;310750;Bom Jardim de Minas;6474
MG;310760;Bom Jesus da Penha;4217
MG;310770;Bom Jesus do Amparo;6083
MG;310780;Bom Jesus do Galho;14935
MG;310790;Bom Repouso;10547
MG;310800;Bom Sucesso;17603
MG;310810;Bonfim;6868
MG;310820;Bonfin¢polis de Minas;5493
MG;310825;Bonito de Minas;11230
MG;310830;Borda da Mata;19412
MG;310840;Botelhos;14971
MG;310850;Botumirim;6319
MG;310855;Brasilƒndia de Minas;16538
MG;310860;Bras¡lia de Minas;32347
MG;310870;Br s Pires;4333
MG;310880;Bra£nas;4801
MG;310890;Braz¢polis;14459
MG;310900;Brumadinho;40103
MG;310910;Bueno BrandÆo;11001
MG;310920;Buen¢polis;10365
MG;310925;Bugre;3982
MG;310930;Buritis;24841
MG;310940;Buritizeiro;28056
MG;310945;Cabeceira Grande;6949
MG;310950;Cabo Verde;14075
MG;310960;Cachoeira da Prata;3603
MG;310970;Cachoeira de Minas;11547
MG;310980;Cachoeira Dourada;2692
MG;310990;Caetan¢polis;11624
MG;311000;Caet‚;44718
MG;311010;Caiana;5496
MG;311020;Cajuri;3987
MG;311030;Caldas;14480
MG;311040;Camacho;2901
MG;311050;Camanducaia;21770
MG;311060;Cambu¡;29551
MG;311070;Cambuquira;12814
MG;311080;Campan rio;3721
MG;311090;Campanha;16665
MG;311100;Campestre;21055
MG;311110;Campina Verde;19745
MG;311115;Campo Azul;3817
MG;311120;Campo Belo;54029
MG;311130;Campo do Meio;11655
MG;311140;Campo Florido;8151
MG;311150;Campos Altos;15461
MG;311160;Campos Gerais;28774
MG;311170;CanaÆ;4563
MG;311180;Can polis;12150
MG;311190;Cana Verde;5603
MG;311200;Candeias;14886
MG;311205;Cantagalo;4525
MG;311210;Capara¢;5438
MG;311220;Capela Nova;4653
MG;311230;Capelinha;37784
MG;311240;Capetinga;6920
MG;311250;Capim Branco;9754
MG;311260;Capin¢polis;16173
MG;311265;CapitÆo Andrade;5468
MG;311270;CapitÆo En‚as;15234
MG;311280;Capit¢lio;8632
MG;311290;Caputira;9298
MG;311300;Cara¡;23685
MG;311310;Carana¡ba;3183
MG;311320;Caranda¡;25501
MG;311330;Carangola;33000
MG;311340;Caratinga;92062
MG;311350;Carbonita;9405
MG;311360;Carea‡u;6757
MG;311370;Carlos Chagas;18837
MG;311380;Carm‚sia;2632
MG;311390;Carmo da Cachoeira;12170
MG;311400;Carmo da Mata;11476
MG;311410;Carmo de Minas;14859
MG;311420;Carmo do Cajuru;22478
MG;311430;Carmo do Parana¡ba;30329
MG;311440;Carmo do Rio Claro;21225
MG;311450;Carm¢polis de Minas;19355
MG;311455;Carneirinho;10027
MG;311460;Carrancas;4047
MG;311470;Carvalh¢polis;3579
MG;311480;Carvalhos;4478
MG;311490;Casa Grande;2257
MG;311500;Cascalho Rico;3075
MG;311510;C ssia;17740
MG;311520;Concei‡Æo da Barra de Minas;3954
MG;311530;Cataguases;75123
MG;311535;Catas Altas;5376
MG;311540;Catas Altas da Noruega;3641
MG;311545;Catuji;6311
MG;311547;Catuti;4986
MG;311550;Caxambu;21656
MG;311560;Cedro do Abaet‚;1164
MG;311570;Central de Minas;7032
MG;311580;Centralina;10350
MG;311590;Ch cara;3154
MG;311600;Chal‚;5704
MG;311610;Chapada do Norte;15356
MG;311615;Chapada Ga£cha;13680
MG;311620;Chiador;2687
MG;311630;Cipotƒnea;6787
MG;311640;Claraval;4843
MG;311650;Claro dos Po‡äes;7551
MG;311660;Cl udio;28617
MG;311670;Coimbra;7556
MG;311680;Coluna;8873
MG;311690;Comendador Gomes;3111
MG;311700;Comercinho;6929
MG;311710;Concei‡Æo da Aparecida;10292
MG;311720;Concei‡Æo das Pedras;2812
MG;311730;Concei‡Æo das Alagoas;27893
MG;311740;Concei‡Æo de Ipanema;4574
MG;311750;Concei‡Æo do Mato Dentro;17842
MG;311760;Concei‡Æo do Par ;5507
MG;311770;Concei‡Æo do Rio Verde;13638
MG;311780;Concei‡Æo dos Ouros;11638
MG;311783;C“nego Marinho;7642
MG;311787;Confins;6730
MG;311790;Congonhal;11950
MG;311800;Congonhas;54762
MG;311810;Congonhas do Norte;5045
MG;311820;Conquista;6939
MG;311830;Conselheiro Lafaiete;128589
MG;311840;Conselheiro Pena;22921
MG;311850;Consola‡Æo;1783
MG;311860;Contagem;663855
MG;311870;Coqueiral;9159
MG;311880;Cora‡Æo de Jesus;26602
MG;311890;Cordisburgo;8890
MG;311900;Cordislƒndia;3538
MG;311910;Corinto;23731
MG;311920;Coroaci;9991
MG;311930;Coromandel;27974
MG;311940;Coronel Fabriciano;109855
MG;311950;Coronel Murta;9222
MG;311960;Coronel Pacheco;3086
MG;311970;Coronel Xavier Chaves;3434
MG;311980;C¢rrego Danta;3215
MG;311990;C¢rrego do Bom Jesus;3704
MG;311995;C¢rrego Fundo;6337
MG;312000;C¢rrego Novo;2771
MG;312010;Couto de MagalhÆes de Minas;4410
MG;312015;Cris¢lita;6704
MG;312020;Cristais;12798
MG;312030;Crist lia;5971
MG;312040;Cristiano Otoni;5150
MG;312050;Cristina;10242
MG;312060;Crucilƒndia;5034
MG;312070;Cruzeiro da Fortaleza;3626
MG;312080;Cruz¡lia;15417
MG;312083;Cuparaque;4982
MG;312087;Curral de Dentro;7729
MG;312090;Curvelo;80129
MG;312100;Datas;5410
MG;312110;Delfim Moreira;8025
MG;312120;Delfin¢polis;7114
MG;312125;Delta;10533
MG;312130;Descoberto;5013
MG;312140;Desterro de Entre Rios;7243
MG;312150;Desterro do Melo;2901
MG;312160;Diamantina;47723
MG;312170;Diogo de Vasconcelos;3802
MG;312180;Dion¡sio;7729
MG;312190;Divin‚sia;3417
MG;312200;Divino;19931
MG;312210;Divino das Laranjeiras;4979
MG;312220;Divinolƒndia de Minas;7571
MG;312230;Divin¢polis;238230
MG;312235;Divisa Alegre;6786
MG;312240;Divisa Nova;6011
MG;312245;Divis¢polis;11019
MG;312247;Dom Bosco;3677
MG;312250;Dom Cavati;5072
MG;312260;Dom Joaquim;4195
MG;312270;Dom Silv‚rio;5237
MG;312280;Dom Vi‡oso;3001
MG;312290;Dona Euz‚bia;6572
MG;312300;Dores de Campos;10153
MG;312310;Dores de GuanhÆes;5169
MG;312320;Dores do Indai ;13483
MG;312330;Dores do Turvo;4259
MG;312340;Dores¢polis;1527
MG;312350;Douradoquara;1908
MG;312352;Durand‚;7841
MG;312360;El¢i Mendes;28076
MG;312370;Engenheiro Caldas;11134
MG;312380;Engenheiro Navarro;7242
MG;312385;Entre Folhas;5370
MG;312390;Entre Rios de Minas;15298
MG;312400;Erv lia;18895
MG;312410;Esmeraldas;70552
MG;312420;Espera Feliz;24951
MG;312430;Espinosa;31617
MG;312440;Esp¡rito Santo do Dourado;4692
MG;312450;Estiva;11354
MG;312460;Estrela Dalva;2343
MG;312470;Estrela do Indai ;3500
MG;312480;Estrela do Sul;7978
MG;312490;Eugen¢polis;11275
MG;312500;Ewbank da Cƒmara;3913
MG;312510;Extrema;36225
MG;312520;Fama;2377
MG;312530;Faria Lemos;3241
MG;312540;Fel¡cio dos Santos;4753
MG;312550;SÆo Gon‡alo do Rio Preto;3167
MG;312560;Felisburgo;7457
MG;312570;Felixlƒndia;15336
MG;312580;Fernandes Tourinho;3431
MG;312590;Ferros;9820
MG;312595;Fervedouro;11006
MG;312600;Florestal;7461
MG;312610;Formiga;67683
MG;312620;Formoso;9562
MG;312630;Fortaleza de Minas;4412
MG;312640;Fortuna de Minas;2947
MG;312650;Francisco Badar¢;10332
MG;312660;Francisco Dumont;5215
MG;312670;Francisco S ;26277
MG;312675;Francisc¢polis;5391
MG;312680;Frei Gaspar;5880
MG;312690;Frei Inocˆncio;9611
MG;312695;Frei Lagonegro;3478
MG;312700;Fronteira;18103
MG;312705;Fronteira dos Vales;4581
MG;312707;Fruta de Leite;5369
MG;312710;Frutal;59496
MG;312720;Funilƒndia;4349
MG;312730;Galil‚ia;6817
MG;312733;Gameleiras;5109
MG;312735;Glaucilƒndia;3150
MG;312737;Goiabeira;3353
MG;312738;Goian ;3966
MG;312740;Gon‡alves;4350
MG;312750;Gonzaga;6158
MG;312760;Gouveia;11825
MG;312770;Governador Valadares;279885
MG;312780;GrÆo Mogol;15836
MG;312790;Grupiara;1388
MG;312800;GuanhÆes;34319
MG;312810;Guap‚;14245
MG;312820;Guaraciaba;10324
MG;312825;Guaraciama;4972
MG;312830;Guaran‚sia;19021
MG;312840;Guarani;8911
MG;312850;Guarar ;3796
MG;312860;Guarda-Mor;6580
MG;312870;Guaxup‚;51917
MG;312880;Guidoval;7078
MG;312890;Guimarƒnia;8039
MG;312900;Guiricema;8392
MG;312910;GurinhatÆ;5639
MG;312920;Heliodora;6558
MG;312930;Iapu;11004
MG;312940;Ibertioga;5021
MG;312950;Ibi ;25199
MG;312960;Ibia¡;8395
MG;312965;Ibiracatu;5400
MG;312970;Ibiraci;13828
MG;312980;Ibirit‚;180204
MG;312990;Ibiti£ra de Minas;3488
MG;313000;Ibituruna;2989
MG;313005;Icara¡ de Minas;11990
MG;313010;Igarap‚;43045
MG;313020;Igaratinga;10860
MG;313030;Iguatama;7947
MG;313040;Ijaci;6550
MG;313050;Ilic¡nea;12375
MG;313055;Imb‚ de Minas;6903
MG;313060;Inconfidentes;7328
MG;313065;Indaiabira;7351
MG;313070;Indian¢polis;6891
MG;313080;Inga¡;2767
MG;313090;Inhapim;24140
MG;313100;Inha£ma;6271
MG;313110;Inimutaba;7515
MG;313115;Ipaba;18607
MG;313120;Ipanema;19861
MG;313130;Ipatinga;263410
MG;313140;Ipia‡u;4221
MG;313150;Ipui£na;10079
MG;313160;Ira¡ de Minas;6987
MG;313170;Itabira;120060
MG;313180;Itabirinha;11512
MG;313190;Itabirito;51875
MG;313200;Itacambira;5385
MG;313210;Itacarambi;18153
MG;313220;Itaguara;13358
MG;313230;Itaip‚;12760
MG;313240;Itajub ;96869
MG;313250;Itamarandiba;34735
MG;313260;Itamarati de Minas;4355
MG;313270;Itambacuri;23211
MG;313280;Itamb‚ do Mato Dentro;2081
MG;313290;Itamogi;10192
MG;313300;Itamonte;15579
MG;313310;Itanhandu;15331
MG;313320;Itanhomi;12228
MG;313330;Itaobim;21062
MG;313340;Itapagipe;15243
MG;313350;Itapecerica;21762
MG;313360;Itapeva;9783
MG;313370;Itatiaiu‡u;11146
MG;313375;Ita£ de Minas;16108
MG;313380;Ita£na;93214
MG;313390;Itaverava;5419
MG;313400;Itinga;14990
MG;313410;Itueta;6051
MG;313420;Ituiutaba;104671
MG;313430;Itumirim;6023
MG;313440;Iturama;39263
MG;313450;Itutinga;3788
MG;313460;Jaboticatubas;20143
MG;313470;Jacinto;12326
MG;313480;Jacu¡;7686
MG;313490;Jacutinga;25979
MG;313500;Jaguara‡u;3133
MG;313505;Ja¡ba;38909
MG;313507;Jampruca;5404
MG;313510;Jana£ba;71648
MG;313520;Janu ria;67742
MG;313530;Japara¡ba;4350
MG;313535;Japonvar;7969
MG;313540;Jeceaba;4912
MG;313545;Jenipapo de Minas;7692
MG;313550;Jequeri;12386
MG;313560;Jequita¡;7531
MG;313570;Jequitib ;5211
MG;313580;Jequitinhonha;25391
MG;313590;Jesuƒnia;4787
MG;313600;Joa¡ma;15432
MG;313610;Joan‚sia;4573
MG;313620;JoÆo Monlevade;79910
MG;313630;JoÆo Pinheiro;47452
MG;313640;Joaquim Fel¡cio;4695
MG;313650;Jordƒnia;10812
MG;313652;Jos‚ Gon‡alves de Minas;4501
MG;313655;Jos‚ Raydan;4995
MG;313657;Josen¢polis;4867
MG;313660;Nova UniÆo;5725
MG;313665;Juatuba;26946
MG;313670;Juiz de Fora;568873
MG;313680;Juramento;4331
MG;313690;Juruaia;10563
MG;313695;Juven¡lia;5724
MG;313700;Ladainha;18111
MG;313710;Lagamar;7613
MG;313720;Lagoa da Prata;52165
MG;313730;Lagoa dos Patos;4102
MG;313740;Lagoa Dourada;13009
MG;313750;Lagoa Formosa;18052
MG;313753;Lagoa Grande;9532
MG;313760;Lagoa Santa;64527
MG;313770;Lajinha;19923
MG;313780;Lambari;20814
MG;313790;Lamim;3391
MG;313800;Laranjal;6810
MG;313810;Lassance;6512
MG;313820;Lavras;103773
MG;313830;Leandro Ferreira;3229
MG;313835;Leme do Prado;4918
MG;313840;Leopoldina;52587
MG;313850;Liberdade;5069
MG;313860;Lima Duarte;16698
MG;313862;Limeira do Oeste;7536
MG;313865;Lontra;9661
MG;313867;Luisburgo;6266
MG;313868;Luislƒndia;6699
MG;313870;Lumin rias;5446
MG;313880;Luz;18215
MG;313890;Machacalis;7111
MG;313900;Machado;42133
MG;313910;Madre de Deus de Minas;5098
MG;313920;Malacacheta;18650
MG;313925;Mamonas;6543
MG;313930;Manga;18407
MG;313940;Manhua‡u;90229
MG;313950;Manhumirim;22707
MG;313960;Mantena;27644
MG;313970;Maravilhas;7976
MG;313980;Mar de Espanha;12814
MG;313990;Maria da F‚;14095
MG;314000;Mariana;60724
MG;314010;Marilac;4115
MG;314015;M rio Campos;15416
MG;314020;Marip  de Minas;2973
MG;314030;Marli‚ria;4039
MG;314040;Marmel¢polis;2755
MG;314050;Martinho Campos;13388
MG;314053;Martins Soares;8417
MG;314055;Mata Verde;8586
MG;314060;Materlƒndia;4459
MG;314070;Mateus Leme;31086
MG;314080;Matias Barbosa;14468
MG;314085;Matias Cardoso;11157
MG;314090;Matip¢;18908
MG;314100;Mato Verde;12459
MG;314110;Matozinhos;37820
MG;314120;Matutina;3749
MG;314130;Medeiros;3802
MG;314140;Medina;20820
MG;314150;Mendes Pimentel;6446
MG;314160;Mercˆs;10739
MG;314170;Mesquita;5605
MG;314180;Minas Novas;31484
MG;314190;Minduri;3894
MG;314200;Mirabela;13589
MG;314210;Miradouro;10754
MG;314220;Mira¡;15014
MG;314225;Miravƒnia;4888
MG;314230;Moeda;4919
MG;314240;Moema;7517
MG;314250;Monjolos;2220
MG;314260;Monsenhor Paulo;8688
MG;314270;Montalvƒnia;14877
MG;314280;Monte Alegre de Minas;21120
MG;314290;Monte Azul;20854
MG;314300;Monte Belo;13166
MG;314310;Monte Carmelo;47809
MG;314315;Monte Formoso;4906
MG;314320;Monte Santo de Minas;21524
MG;314330;Montes Claros;409341
MG;314340;Monte SiÆo;23803
MG;314345;Montezuma;8249
MG;314350;Morada Nova de Minas;8863
MG;314360;Morro da Gar‡a;2462
MG;314370;Morro do Pilar;3182
MG;314380;Munhoz;6029
MG;314390;Muria‚;108763
MG;314400;Mutum;26979
MG;314410;Muzambinho;20569
MG;314420;Nacip Raydan;3220
MG;314430;Nanuque;40750
MG;314435;Naque;6996
MG;314437;Natalƒndia;3311
MG;314440;Nat‚rcia;4730
MG;314450;Nazareno;8608
MG;314460;Nepomuceno;26769
MG;314465;Ninheira;10295
MG;314467;Nova Bel‚m;3190
MG;314470;Nova Era;17578
MG;314480;Nova Lima;94889
MG;314490;Nova M¢dica;3600
MG;314500;Nova Ponte;15545
MG;314505;Nova Porteirinha;7500
MG;314510;Nova Resende;16723
MG;314520;Nova Serrana;102693
MG;314530;Novo Cruzeiro;31331
MG;314535;Novo Oriente de Minas;10755
MG;314537;Novorizonte;5299
MG;314540;Olaria;1747
MG;314545;Olhos-d'µgua;6096
MG;314550;Ol¡mpio Noronha;2787
MG;314560;Oliveira;41687
MG;314570;Oliveira Fortes;2133
MG;314580;On‡a de Pitangui;3148
MG;314585;Orat¢rios;4655
MG;314587;Orizƒnia;8018
MG;314590;Ouro Branco;39500
MG;314600;Ouro Fino;33639
MG;314610;Ouro Preto;74281
MG;314620;Ouro Verde de Minas;5934
MG;314625;Padre Carvalho;6378
MG;314630;Padre Para¡so;20154
MG;314640;Paineiras;4486
MG;314650;Pains;8283
MG;314655;Pai Pedro;6089
MG;314660;Paiva;1529
MG;314670;Palma;6616
MG;314675;Palm¢polis;5507
MG;314690;Papagaios;15674
MG;314700;Paracatu;93158
MG;314710;Par  de Minas;93969
MG;314720;Paragua‡u;21513
MG;314730;Parais¢polis;21083
MG;314740;Paraopeba;24540
MG;314750;Passab‚m;1649
MG;314760;Passa Quatro;16344
MG;314770;Passa Tempo;8084
MG;314780;Passa-Vinte;2039
MG;314790;Passos;114679
MG;314795;Patis;5972
MG;314800;Patos de Minas;152488
MG;314810;Patroc¡nio;90757
MG;314820;Patroc¡nio do Muria‚;5684
MG;314830;Paula Cƒndido;9571
MG;314840;Paulistas;4830
MG;314850;PavÆo;8450
MG;314860;Pe‡anha;17541
MG;314870;Pedra Azul;24324
MG;314875;Pedra Bonita;7097
MG;314880;Pedra do Anta;3052
MG;314890;Pedra do Indai ;3972
MG;314900;Pedra Dourada;2504
MG;314910;Pedralva;11195
MG;314915;Pedras de Maria da Cruz;12107
MG;314920;Pedrin¢polis;3635
MG;314930;Pedro Leopoldo;64258
MG;314940;Pedro Teixeira;1807
MG;314950;Pequeri;3320
MG;314960;Pequi;4406
MG;314970;PerdigÆo;11506
MG;314980;Perdizes;16168
MG;314990;Perdäes;21390
MG;314995;Periquito;6810
MG;315000;Pescador;4252
MG;315010;Piau;2748
MG;315015;Piedade de Caratinga;8566
MG;315020;Piedade de Ponte Nova;4140
MG;315030;Piedade do Rio Grande;4497
MG;315040;Piedade dos Gerais;4982
MG;315050;Pimenta;8660
MG;315053;Pingo-d'µgua;4941
MG;315057;Pint¢polis;7507
MG;315060;Piracema;6409
MG;315070;Pirajuba;6199
MG;315080;Piranga;17626
MG;315090;Pirangu‡u;5472
MG;315100;Piranguinho;8596
MG;315110;Pirapetinga;10752
MG;315120;Pirapora;56428
MG;315130;Pira£ba;10787
MG;315140;Pitangui;27989
MG;315150;Piumhi;34691
MG;315160;Planura;12133
MG;315170;Po‡o Fundo;16791
MG;315180;Po‡os de Caldas;167397
MG;315190;Pocrane;8432
MG;315200;Pomp‚u;31812
MG;315210;Ponte Nova;59742
MG;315213;Ponto Chique;4261
MG;315217;Ponto dos Volantes;12121
MG;315220;Porteirinha;37906
MG;315230;Porto Firme;11279
MG;315240;Pot‚;16555
MG;315250;Pouso Alegre;150737
MG;315260;Pouso Alto;5940
MG;315270;Prados;9031
MG;315280;Prata;27856
MG;315290;Prat polis;8603
MG;315300;Pratinha;3603
MG;315310;Presidente Bernardes;5369
MG;315320;Presidente Juscelino;3641
MG;315330;Presidente Kubitschek;3002
MG;315340;Presidente Oleg rio;19573
MG;315350;Alto Jequitib ;8317
MG;315360;Prudente de Morais;10733
MG;315370;Quartel Geral;3563
MG;315380;Queluzito;1939
MG;315390;Raposos;16354
MG;315400;Raul Soares;23762
MG;315410;Recreio;10517
MG;315415;Reduto;7154
MG;315420;Resende Costa;11500
MG;315430;Resplendor;17397
MG;315440;Ressaquinha;4808
MG;315445;Riachinho;8136
MG;315450;Riacho dos Machados;9481
MG;315460;RibeirÆo das Neves;334858
MG;315470;RibeirÆo Vermelho;4033
MG;315480;Rio Acima;10312
MG;315490;Rio Casca;13564
MG;315500;Rio Doce;2610
MG;315510;Rio do Prado;5150
MG;315520;Rio Espera;5474
MG;315530;Rio Manso;5832
MG;315540;Rio Novo;8949
MG;315550;Rio Parana¡ba;12313
MG;315560;Rio Pardo de Minas;30914
MG;315570;Rio Piracicaba;14339
MG;315580;Rio Pomba;17910
MG;315590;Rio Preto;5476
MG;315600;Rio Vermelho;12846
MG;315610;Rit polis;4604
MG;315620;Rochedo de Minas;2305
MG;315630;Rodeiro;8109
MG;315640;Romaria;3533
MG;315645;Ros rio da Limeira;4594
MG;315650;Rubelita;5995
MG;315660;Rubim;10241
MG;315670;Sabar ;136344
MG;315680;Sabin¢polis;15470
MG;315690;Sacramento;26185
MG;315700;Salinas;41527
MG;315710;Salto da Divisa;7009
MG;315720;Santa B rbara;31324
MG;315725;Santa B rbara do Leste;8147
MG;315727;Santa B rbara do Monte Verde;3150
MG;315730;Santa B rbara do Tug£rio;4430
MG;315733;Santa Cruz de Minas;8604
MG;315737;Santa Cruz de Salinas;4142
MG;315740;Santa Cruz do Escalvado;4758
MG;315750;Santa Efigˆnia de Minas;4409
MG;315760;Santa F‚ de Minas;3846
MG;315765;Santa Helena de Minas;6366
MG;315770;Santa Juliana;14003
MG;315780;Santa Luzia;219134
MG;315790;Santa Margarida;16208
MG;315800;Santa Maria de Itabira;10847
MG;315810;Santa Maria do Salto;5232
MG;315820;Santa Maria do Sua‡u¡;14615
MG;315830;Santana da Vargem;7100
MG;315840;Santana de Cataguases;3872
MG;315850;Santana de Pirapama;7642
MG;315860;Santana do Deserto;3976
MG;315870;Santana do Garamb‚u;2458
MG;315880;Santana do Jacar‚;4821
MG;315890;Santana do Manhua‡u;8674
MG;315895;Santana do Para¡so;34663
MG;315900;Santana do Riacho;4295
MG;315910;Santana dos Montes;3777
MG;315920;Santa Rita de Caldas;8949
MG;315930;Santa Rita de Jacutinga;4884
MG;315935;Santa Rita de Minas;7212
MG;315940;Santa Rita de Ibitipoca;3425
MG;315950;Santa Rita do Itueto;5489
MG;315960;Santa Rita do Sapuca¡;43260
MG;315970;Santa Rosa da Serra;3350
MG;315980;Santa Vit¢ria;19742
MG;315990;Santo Ant“nio do Amparo;18525
MG;316000;Santo Ant“nio do Aventureiro;3602
MG;316010;Santo Ant“nio do Grama;3911
MG;316020;Santo Ant“nio do Itamb‚;3838
MG;316030;Santo Ant“nio do Jacinto;11640
MG;316040;Santo Ant“nio do Monte;28243
MG;316045;Santo Ant“nio do Retiro;7277
MG;316050;Santo Ant“nio do Rio Abaixo;1765
MG;316060;Santo Hip¢lito;3087
MG;316070;Santos Dumont;46487
MG;316080;SÆo Bento Abade;5286
MG;316090;SÆo Br s do Sua‡u¡;3738
MG;316095;SÆo Domingos das Dores;5644
MG;316100;SÆo Domingos do Prata;17359
MG;316105;SÆo F‚lix de Minas;3369
MG;316110;SÆo Francisco;56323
MG;316120;SÆo Francisco de Paula;6527
MG;316130;SÆo Francisco de Sales;6238
MG;316140;SÆo Francisco do Gl¢ria;4844
MG;316150;SÆo Geraldo;12366
MG;316160;SÆo Geraldo da Piedade;3962
MG;316165;SÆo Geraldo do Baixio;4012
MG;316170;SÆo Gon‡alo do Abaet‚;8389
MG;316180;SÆo Gon‡alo do Par ;12411
MG;316190;SÆo Gon‡alo do Rio Abaixo;10920
MG;316200;SÆo Gon‡alo do Sapuca¡;25449
MG;316210;SÆo Gotardo;35469
MG;316220;SÆo JoÆo Batista do Gl¢ria;7453
MG;316225;SÆo JoÆo da Lagoa;4915
MG;316230;SÆo JoÆo da Mata;2749
MG;316240;SÆo JoÆo da Ponte;25165
MG;316245;SÆo JoÆo das Missäes;13014
MG;316250;SÆo JoÆo del Rei;90082
MG;316255;SÆo JoÆo do Manhua‡u;11559
MG;316257;SÆo JoÆo do Manteninha;5859
MG;316260;SÆo JoÆo do Oriente;7498
MG;316265;SÆo JoÆo do Pacu¡;4419
MG;316270;SÆo JoÆo do Para¡so;23618
MG;316280;SÆo JoÆo Evangelista;15774
MG;316290;SÆo JoÆo Nepomuceno;26361
MG;316292;SÆo Joaquim de Bicas;31578
MG;316294;SÆo Jos‚ da Barra;7426
MG;316295;SÆo Jos‚ da Lapa;23766
MG;316300;SÆo Jos‚ da Safira;4268
MG;316310;SÆo Jos‚ da Varginha;5004
MG;316320;SÆo Jos‚ do Alegre;4196
MG;316330;SÆo Jos‚ do Divino;3860
MG;316340;SÆo Jos‚ do Goiabal;5420
MG;316350;SÆo Jos‚ do Jacuri;6453
MG;316360;SÆo Jos‚ do Mantimento;2791
MG;316370;SÆo Louren‡o;45851
MG;316380;SÆo Miguel do Anta;6938
MG;316390;SÆo Pedro da UniÆo;4659
MG;316400;SÆo Pedro dos Ferros;7781
MG;316410;SÆo Pedro do Sua‡u¡;5246
MG;316420;SÆo RomÆo;12337
MG;316430;SÆo Roque de Minas;7051
MG;316440;SÆo SebastiÆo da Bela Vista;5504
MG;316443;SÆo SebastiÆo da Vargem Alegre;3007
MG;316447;SÆo SebastiÆo do Anta;6555
MG;316450;SÆo SebastiÆo do MaranhÆo;10044
MG;316460;SÆo SebastiÆo do Oeste;6775
MG;316470;SÆo SebastiÆo do Para¡so;70956
MG;316480;SÆo SebastiÆo do Rio Preto;1506
MG;316490;SÆo SebastiÆo do Rio Verde;2241
MG;316500;SÆo Tiago;10941
MG;316510;SÆo Tom s de Aquino;7021
MG;316520;SÆo Thom‚ das Letras;7089
MG;316530;SÆo Vicente de Minas;7753
MG;316540;Sapuca¡-Mirim;6930
MG;316550;Sardo ;6300
MG;316553;Sarzedo;32752
MG;316555;Setubinha;12258
MG;316556;Sem-Peixe;2633
MG;316557;Senador Amaral;5356
MG;316560;Senador Cortes;2005
MG;316570;Senador Firmino;7812
MG;316580;Senador Jos‚ Bento;1502
MG;316590;Senador Modestino Gon‡alves;4156
MG;316600;Senhora de Oliveira;5786
MG;316610;Senhora do Porto;3523
MG;316620;Senhora dos Rem‚dios;10459
MG;316630;Sericita;7326
MG;316640;Seritinga;1851
MG;316650;Serra Azul de Minas;4293
MG;316660;Serra da Saudade;781
MG;316670;Serra dos Aimor‚s;8699
MG;316680;Serra do Salitre;11582
MG;316690;Serrania;7669
MG;316695;Serran¢polis de Minas;4781
MG;316700;Serranos;1963
MG;316710;Serro;20966
MG;316720;Sete Lagoas;239639
MG;316730;Silveirƒnia;2261
MG;316740;Silvian¢polis;6238
MG;316750;SimÆo Pereira;2615
MG;316760;Simon‚sia;19633
MG;316770;Sobr lia;5553
MG;316780;Soledade de Minas;6151
MG;316790;Tabuleiro;3750
MG;316800;Taiobeiras;34132
MG;316805;Taparuba;3110
MG;316810;Tapira;4773
MG;316820;Tapira¡;1875
MG;316830;Taquara‡u de Minas;4077
MG;316840;Tarumirim;14326
MG;316850;Teixeiras;11661
MG;316860;Te¢filo Otoni;140592
MG;316870;Tim¢teo;89842
MG;316880;Tiradentes;7981
MG;316890;Tiros;6480
MG;316900;Tocantins;16659
MG;316905;Tocos do Moji;4101
MG;316910;Toledo;6258
MG;316920;Tombos;8022
MG;316930;Trˆs Cora‡äes;79482
MG;316935;Trˆs Marias;32356
MG;316940;Trˆs Pontas;56746
MG;316950;Tumiritinga;6732
MG;316960;Tupaciguara;25327
MG;316970;Turmalina;19964
MG;316980;Turvolƒndia;5040
MG;316990;Ub ;115552
MG;317000;Uba¡;12533
MG;317005;Ubaporanga;12471
MG;317010;Uberaba;333783
MG;317020;Uberlƒndia;691305
MG;317030;Umburatiba;2611
MG;317040;Una¡;84378
MG;317043;UniÆo de Minas;4304
MG;317047;Uruana de Minas;3264
MG;317050;Urucƒnia;10358
MG;317052;Urucuia;16865
MG;317057;Vargem Alegre;6480
MG;317060;Vargem Bonita;2153
MG;317065;Vargem Grande do Rio Pardo;5007
MG;317070;Varginha;135558
MG;317075;VarjÆo de Minas;7036
MG;317080;V rzea da Palma;39493
MG;317090;Varzelƒndia;19320
MG;317100;Vazante;20590
MG;317103;Verdelƒndia;9355
MG;317107;Veredinha;5720
MG;317110;Ver¡ssimo;3999
MG;317115;Vermelho Novo;4839
MG;317120;Vespasiano;127601
MG;317130;Vi‡osa;78846
MG;317140;Vieiras;3608
MG;317150;Mathias Lobato;3203
MG;317160;Virgem da Lapa;13752
MG;317170;Virg¡nia;8674
MG;317180;Virgin¢polis;10510
MG;317190;Virgolƒndia;5380
MG;317200;Visconde do Rio Branco;42564
MG;317210;Volta Grande;5252
MG;317220;Wenceslau Braz;2552
